altmetric_id,viewCount,likeCount,dislikeCount,favoriteCount,commentCount
10025714,854202,23282,466,0,1108
10025714,720,35,1,0,8
10025714,2756,279,1,0,44
10025714,27,0,0,0,0
101767,44688,3287,70,0,195
101767,120669,8398,93,0,1003
101767,59082,3304,48,0,475
101767,54,1,0,0,0
10282275,69943,1039,42,0,2
10282275,67,3,0,0,0
10282275,19406,526,13,0,14
10282275,907,14,0,0,3
1065504,3629,503,7,0,10
1065504,502158,8723,188,0,287
1065504,245859,1932,217,0,139
1065504,0,0,0,0,0
106634,34,5,0,0,0
106634,1474186,41712,1031,0,1571
106634,68815,1068,39,0,124
106634,20536,228,10,0,9
10760415,6,0,0,0,0
10760415,227,12,0,0,0
10760415,180354,4,0,0,0
10760415,210,11,0,0,1
1091361,5896,252,5,0,181
1091361,3375,234,1,0,24
1091361,147743,4081,258,0,1077
1091361,49875,1558,66,0,560
1094401,625113,16666,1167,0,3505
1094401,3430,136,21,0,197
1094401,8022,205,27,0,94
1094401,4466,157,51,0,26
110911,1934377,83264,2972,0,8760
110911,527,0,0,0,0
110911,47311,0,0,0,43
110911,2230,299,4,0,31
111022,741,39,2,0,8
111022,34558,200,33,0,0
111022,23095,216,10,0,0
111022,4761,146,16,0,134
1131304,4083,97,26,0,10
1131304,2983,129,6,0,9
1131304,72377,1661,59,0,183
1131304,13622,51,0,0,8
114264,994853,38039,784,0,901
114264,1,0,0,0,0
114264,4155389,63260,7681,0,11778
114264,16794,59,17,0,21
114551,468447,33934,223,0,2260
114551,206307,9107,190,0,1291
114551,7353,476,3,0,94
114551,235135,420,17,0,81
11860150,56,3,0,0,0
11860150,27,2,0,0,0
11860150,1453,89,16,0,18
11860150,78,5,0,0,0
11872120,84,12,0,0,0
11872120,1841,32,0,0,2
11872120,106,1,0,0,0
11872120,250305,9391,141,0,663
1188031,3,0,0,0,2
1188031,57,6,0,0,3
1188031,1474,17,6,0,4
1188031,53294,0,0,0,0
1201254,234,13,1,0,2
1201254,32245,1221,18,0,41
1201254,70115,2605,122,0,92
1201254,5946137,131331,1875,0,6572
1208506,0,0,0,0,0
1208506,2761,193,1,0,4
1208506,491,24,0,0,4
1208506,3533,117,2,0,67
12284542,2305,89,2,0,12
12284542,348459,7921,300,0,1416
12284542,24,0,0,0,0
12284542,232165,7721,54,0,533
1231176,20943,650,26,0,76
1231176,0,0,0,0,0
1231176,1378,21,0,0,4
1231176,2065,12,0,0,1
12368137,22019,498,16,0,15
12368137,7380,174,6,0,47
12368137,10414,292,3,0,73
12368137,40222,376,19,0,152
1238021,96,8,0,0,20
1238021,32,0,0,0,0
1238021,128751,2782,139,0,646
1238021,218469,5130,243,0,1163
1241824,380,3,1,0,0
1241824,17,0,0,0,0
1241824,1297,6,0,0,2
1241824,64372,137,31,0,87
124616,70,30,0,0,4
124616,975,53,0,0,24
124616,2087,210,1,0,52
124616,122252,4852,239,0,486
124616,254921,5466,93,0,480
124988,1420,71,9,0,49
124988,4966,339,15,0,82
124988,0,0,0,0,0
124988,109,2,0,0,0
12582341,214966,8344,93,0,560
12582341,175144,787,8,0,77
12582341,564132,11534,439,0,740
12582341,58489,5790,79,0,584
1268902,223,19,0,0,0
1268902,1668,138,2,0,21
1268902,8715,179,8,0,7
1268902,1945,26,33,0,53
127764,425,47,0,0,17
127764,106815,2037,37,0,92
127764,94981,1447,26,0,130
127764,1679028,15920,439,0,757
1294933,655,65,2,0,5
1294933,0,0,0,0,0
1294933,1653,221,2,0,29
1294933,932071,26308,708,0,815
13096653,35,0,0,0,0
13096653,8711,477,47,0,108
13096653,0,0,0,0,0
13096653,8,0,0,0,0
1314898,0,0,0,0,0
1314898,0,0,0,0,0
1314898,0,0,0,0,0
1314898,0,0,0,0,0
1329568,98,14,0,0,7
1329568,190674,16497,179,0,1043
1329568,9,0,0,0,1
1329568,185,2,0,0,0
1337391,3703,227,1,0,22
1337391,302,26,1,0,8
1337391,116,5,0,0,1
1337391,19,0,0,0,0
13473143,44,0,0,0,2
13473143,35,0,0,0,0
13473143,622003,17775,111,0,434
13473143,346,8,0,0,1
13499617,100513,3594,177,0,442
13499617,608,1,1,0,0
13499617,12281,87,3,0,9
13499617,15334,70,0,0,9
1354986,0,0,0,0,0
1354986,0,0,0,0,0
1354986,44721,738,12,0,115
1354986,549166,4351,43,0,229
13569811,120,4,0,0,2
13569811,0,0,0,0,0
13569811,117126,5952,740,0,1581
13569811,0,0,0,0,0
13578583,202,23,0,0,10
13578583,5749,289,20,0,107
13578583,1227,62,2,0,0
13578583,281,8,0,0,0
14447813,24297,1161,49,0,430
14447813,101743,4677,119,0,896
14447813,13017,467,7,0,129
14447813,15567,1013,8,0,24
14541869,51,0,0,0,0
14541869,3528,55,1,0,22
14541869,88536,4150,28,0,203
14541869,18667,81,12,0,24
1481341,2282,419,6,0,21
1481341,161,32,0,0,0
1481341,339,45,2,0,8
1481341,41709,4290,57,0,426
1524561,6,1,0,0,0
1524561,122252,4852,239,0,486
1524561,10222,114,1,0,26
1524561,20841,563,47,0,85
15387525,7467,394,26,0,76
15387525,20,1,0,0,0
15387525,259991,13540,182,0,1316
15387525,451459,3615,338,0,156
154793,4989,188,3,0,21
154793,1846,65,0,0,8
154793,2445403,25673,6470,0,8103
154793,1401050,32428,286,0,7058
15834145,5406376,80162,2070,0,6784
15834145,18532,561,9,0,25
15834145,90086,1392,30,0,185
15834145,0,0,0,0,0
1597130,1859,220,2,0,26
1597130,49407,4127,43,0,616
1597130,30,3,0,0,0
1597130,180,4,1,0,0
15992429,70946,4686,98,0,1787
15992429,211,3,0,0,0
15992429,22965,949,7,0,60
15992429,12,2,0,0,0
16032995,28,0,0,0,0
16032995,0,0,0,0,0
16032995,0,0,0,0,0
16032995,96471,326,5,0,7
16220103,1411,44,1,0,10
16220103,848,179,1,0,17
16220103,17519,834,6,0,187
16220103,499112,13766,1119,0,4085
1630993,7094,527,10,0,103
1630993,501361,8226,226,0,387
1630993,41582,1335,14,0,89
1630993,65738,575,29,0,38
16402528,121513,7783,93,0,743
16402528,19,1,0,0,0
16402528,64742,3243,46,0,1296
16402528,2101,12,1,0,0
1649177,3034410,61675,1624,0,10759
1649177,2407,39,1,0,6
1649177,19414,1309,25,0,164
1649177,1425,2,2,0,2
16560622,355,32,3,0,6
16560622,173191,15143,135,0,870
16560622,0,0,0,0,0
16560622,29,3,0,0,1
16580603,64,0,0,0,0
16580603,14223,816,10,0,58
16580603,21,0,0,0,0
16580603,0,0,0,0,0
16902363,2454,176,4,0,11
16902363,2269,282,9,0,47
16902363,45,3,0,0,0
16902363,83,5,0,0,0
16908348,108556,5030,43,0,282
16908348,3817,291,3,0,30
16908348,42,2,0,0,0
16908348,19,2,0,0,0
1691415,196,2,1,0,2
1691415,25284,1100,140,0,111
1691415,1787263,39505,2217,0,4724
1691415,39933,492,26,0,71
16939429,472,48,7,0,256
16939429,512,30,4,0,62
16939429,22228,1652,79,0,186
16939429,19,2,0,0,0
1705703,1020208,57089,1147,0,4551
1705703,440288,14985,764,0,1252
1705703,283609,22028,190,0,1022
1705703,165970,3747,69,0,444
17130458,258945,6263,550,0,919
17130458,0,0,0,0,0
17130458,0,0,0,0,0
17130458,872,17,1,0,3
1718725,80993,1273,49,0,2
1718725,2505,61,10,0,9
1718725,0,0,0,0,0
1718725,213512,4999,158,0,1017
1736991,0,0,0,0,0
1736991,88372,3076,64,0,286
1736991,62490,3044,108,0,380
1736991,353,0,0,0,1
173763,3844,275,2,0,17
173763,7860,274,5,0,39
173763,1195,48,0,0,11
173763,47635,954,45,0,105
18164390,0,0,0,0,0
18164390,0,0,0,0,0
18164390,462,15,1,0,2
18164390,45585,0,0,0,0
1817750,2456,19,0,0,0
1817750,8406,3,0,0,0
1817750,5283,3,0,0,0
1817750,1127,0,0,0,0
18187531,3198,491,2,0,37
18187531,125337,761,181,0,56
18187531,2007,187,12,0,77
18187531,75,9,0,0,0
1819946,56,5,0,0,3
1819946,5,3,0,0,0
1819946,376,0,0,0,7
1819946,21321,263,15,0,60
1853197,859353,32353,903,0,816
1853197,3977695,40126,3692,0,4243
1853197,348043,10119,103,0,1123
1853197,115,1,0,0,0
18554870,1457,80,1,0,11
18554870,705286,19569,1143,0,2730
18554870,1421,94,2,0,14
18554870,225985,3605,1810,0,453
18739747,814,54,0,0,15
18739747,1182,32,0,0,3
18739747,76,12,0,0,0
18739747,8056,10,1,0,1
18799204,204,11,0,0,2
18799204,188939,6312,75,0,375
18799204,76,12,0,0,0
18799204,10075,427,14,0,63
18912601,44,5,0,0,0
18912601,26,6,0,0,0
18912601,242,14,0,0,0
18912601,404747,11176,220,0,772
1900936,0,0,0,0,0
1900936,13769,755,32,0,107
1900936,1999,6,0,0,1
1900936,38314,303,7,0,17
1906383,57492,4863,167,0,222
1906383,40416,4988,47,0,455
1906383,12756,219,374,0,389
1906383,486,2,0,0,0
19184000,200801,7461,126,0,838
19184000,24667,1769,17,0,85
19184000,69,8,0,0,0
19184000,22041,624,17,0,97
193125,2694,114,4,0,26
193125,13087,593,5,0,43
193125,2042,61,4,0,22
193125,29620,1603,39,0,248
19532104,66012,2131,103,0,796
19532104,161556,3102,67,0,325
19532104,0,0,0,0,0
19532104,58365,1844,32,0,329
1969481,2193,17,3,0,0
1969481,96,2,0,0,10
1969481,0,0,0,0,0
1969481,12276,215,15,0,62
1974345,12138,611,7,0,94
1974345,32208,182,5,0,6
1974345,0,0,0,0,0
1974345,0,0,0,0,0
1989795,4574,178,32,0,121
1989795,206841,19241,1559,0,1979
1989795,14475,138,7,0,25
1989795,2636,24,20,0,62
19971956,172,20,0,0,17
19971956,2828,73,3,0,9
19971956,18239,1841,42,0,82
19971956,25784,4020,15,0,111
200554,78845,3719,34,0,475
200554,550,26,3,0,5
200554,325,22,0,0,5
200554,409816,23613,244,0,744
2021774,12979,71,4,0,22
2021774,6691,27,3,0,12
2021774,19013,99,4,0,26
2021774,23126,49,4,0,11
2021790,12979,71,4,0,22
2021790,6691,27,3,0,12
2021790,19013,99,4,0,26
2021790,23126,49,4,0,11
20389820,491500,16291,255,0,733
20389820,90,7,0,0,2
20389820,0,0,0,0,0
20389820,0,0,0,0,0
20454729,496448,13335,336,0,1131
20454729,16095,924,21,0,30
20454729,787960,19087,297,0,808
20454729,1495,181,9,0,43
2045826,0,3,0,0,1
2045826,1007,2,0,0,0
2045826,1290,0,7,0,1
2045826,419850,1442,73,0,57
20475804,342799,12028,1038,0,1883
20475804,19561,853,50,0,136
20475804,35651,2113,26,0,384
20475804,0,0,0,0,0
2068207,165965,3747,69,0,444
2068207,127549,3091,65,0,230
2068207,59,1,0,0,0
2068207,8266,27,1,0,27
2077499,288468,9395,128,0,503
2077499,731,20,0,0,7
2077499,3916,69,10,0,6
2077499,5511,23,0,0,0
20883989,182087,7764,417,0,1171
20883989,241,27,1,0,8
20883989,258622,9051,310,0,463
20883989,1555,138,2,0,33
20883989,312600,10866,126,0,577
2116196,0,0,0,0,0
2116196,0,0,0,0,0
2116196,419354,11586,50,0,801
2116196,65399,336,8,0,42
21558301,36,7,0,0,2
21558301,498588,15899,229,0,2113
21558301,359,22,5,0,31
21558301,1230,54,7,0,18
21558301,6211,331,4,0,66
2156937,2475,90,4,0,10
2156937,150,3,3,0,2
2156937,153642,3993,80,0,583
2156937,2193414,63927,4262,0,27089
2157032,1418,212,13,0,153
2157032,1039,143,9,0,62
2157032,866,31,0,0,0
2157032,564,17,0,0,1
2158716,83,12,0,0,1
2158716,5647,261,2,0,39
2158716,2899,223,1,0,78
2158716,179,1,0,0,0
21696141,41664,1536,19,0,120
21696141,595147,0,0,0,0
21696141,341021,3634,280,0,634
21696141,235921,2581,70,0,323
2181528,64244,3596,128,0,344
2181528,42666,3629,88,0,326
2181528,23699,850,18,0,176
2181528,3791,206,62,0,116
2191267,5,3,0,0,0
2191267,8,1,0,0,0
2191267,0,0,0,0,0
2191267,0,0,0,0,0
219191,587,11,0,0,0
219191,32600,1844,79,0,562
219191,1512,65,0,0,2
219191,0,0,0,0,0
2200257,275,48,0,0,10
2200257,1944,48,0,0,5
2200257,0,0,0,0,0
2200257,124772,2349,144,0,565
220964,459,33,11,0,5
220964,9,1,0,0,0
220964,82,2,0,0,0
220964,11726,65,21,0,32
22199995,3608,96,11,0,22
22199995,75,0,0,0,0
22199995,1061,48,1,0,4
22199995,0,0,0,0,0
22203534,91,7,0,0,0
22203534,1295,42,0,0,4
22203534,515195,29813,375,0,1096
22203534,4290,174,0,0,9
227251,154,28,0,0,6
227251,0,0,0,0,0
227251,0,0,0,0,0
227251,6678,40,0,0,0
22755664,2003,66,21,0,27
22755664,93907,6273,1847,0,2257
22755664,12029,1452,48,0,185
22755664,1483548,62386,1899,0,12258
2278729,283341,11192,180,0,867
2278729,0,0,0,0,0
2278729,0,0,0,0,0
2278729,373,2,0,0,0
22914441,12694,515,41,0,94
22914441,3791,206,62,0,116
22914441,2193414,63927,4262,0,27089
22914441,1917,12,5,0,10
2324757,5407,218,0,0,28
2324757,1178,80,0,0,23
2324757,203,15,0,0,0
2324757,605,18,0,0,0
2326784,22,1,1,0,0
2326784,132,1,0,0,0
2326784,59570,2034,7,0,194
2326784,0,0,0,0,0
23533149,26367,1900,14,0,218
23533149,51,2,0,0,0
23533149,220048,9308,122,0,402
23533149,38953,3363,52,0,258
2380046,1075,60,14,0,20
2380046,131933,4537,79,0,571
2380046,1926161,49112,1593,0,2783
2380046,101,0,0,0,0
23839060,84,7,0,0,1
23839060,14149,598,17,0,312
23839060,45212,4015,34,0,1369
23839060,0,0,0,0,0
2389156,222,28,0,0,3
2389156,41389,719,26,0,89
2389156,1647,41,2,0,3
2389156,2488,43,6,0,8
243697,4004,119,10,0,24
243697,186,6,1,0,1
243697,5028,165,21,0,76
243697,289224,7040,300,0,3484
245784,64,5,0,0,0
245784,131,9,2,0,7
245784,986,100,11,0,25
245784,21176,1400,269,0,520
248070,3086,78,3,0,20
248070,145863,3487,100,0,576
248070,0,0,0,0,0
248070,0,0,0,0,0
2480754,3702,323,3,0,61
2480754,1924,200,1,0,17
2480754,4537,68,15,0,45
2480754,529153,14178,299,0,1119
24824750,48,0,0,0,0
24824750,24205,4928,9,0,202
24824750,835,21,0,0,4
24824750,299051,12323,108,0,766
25165400,1285,96,6,0,98
25165400,148,16,0,0,6
25165400,152,8,2,0,2
25165400,38058,1483,4341,0,589
25270500,7,5,0,0,0
25270500,54,12,0,0,2
25270500,12676,675,4,0,88
25270500,18983,988,8,0,158
2536443,169,3,1,0,0
2536443,95634,1810,58,0,136
2536443,3297494,45949,1775,0,4665
2536443,429498,9526,144,0,1101
2536698,472,48,7,0,256
2536698,512,30,4,0,62
2536698,203173,7227,94,0,714
2536698,26388,675,29,0,91
2546069,124,11,0,0,1
2546069,63,0,1,0,4
2546069,87,0,1,0,0
2546069,304526,5538,102,0,793
255528,741,39,2,0,8
255528,11088,706,11,0,157
255528,15079,105,10,0,0
255528,7126,94,3,0,0
256099,190,9,1,0,3
256099,361,2,0,0,0
256099,13170,109,12,0,16
256099,0,0,0,0,0
2577032,194,6,0,0,3
2577032,105,2,0,0,0
2577032,0,0,0,0,0
2577032,2841,22,1,0,3
2584783,69190,1973,262,0,0
2584783,108,0,0,0,2
2584783,0,0,0,0,0
2584783,141,4,1,0,1
260924,741,30,3,0,21
260924,135232,13713,63,0,1090
260924,688932,19521,345,0,7550
260924,28034,2776,38,0,409
2612524,0,0,0,0,0
2612524,21257,2712,5,0,62
2612524,50,2,0,0,1
2612524,21157,204,7,0,17
2615464,10,0,0,0,0
2615464,82744,1153,108,0,499
2615464,858,69,1,0,0
2615464,1250,63,54,0,0
26363761,136,16,0,0,2
26363761,76,14,0,0,3
26363761,115,16,0,0,4
26363761,297,20,0,0,0
2649737,55,0,0,0,0
2649737,0,0,0,0,0
2649737,0,0,0,0,0
2649737,2092049,27727,202,0,1092
2650959,478170,8198,178,0,468
2650959,315,14,2,0,2
2650959,4338,182,23,0,469
2650959,1522,8,1,0,1
2692729,6078,141,9,0,18
2692729,628,3,0,0,0
2692729,441,3,2,0,0
2692729,366555,10953,89,0,642
2701827,3254,331,7,0,267
2701827,11,0,0,0,0
2701827,14,0,0,0,0
2701827,4226,141,20,0,172
2728369,0,0,0,0,0
2728369,91,5,0,0,0
2728369,101,1,0,0,0
2728369,429,9,0,0,0
2751131,184599,6694,113,0,508
2751131,25566,777,8,0,59
2751131,161556,3102,67,0,325
2751131,9649,206,13,0,43
2751449,139110,5859,48,0,249
2751449,4468,423,9,0,39
2751449,5491,47,1,0,2
2751449,337530,631,14,0,44
27610705,6660,510,7,0,63
27610705,120,2,0,0,0
27610705,84,1,0,0,1
27610705,184,14,2,0,1
2777588,65940,285,60,0,50
2777588,44899,1456,460,0,786
2777588,51665,1408,33,0,130
2777588,24109,740,21,0,84
2779455,7608,1171,4,0,466
2779455,16388,584,5,0,62
2779455,214998,4629,164,0,481
2779455,559,12,0,0,2
2812734,14955,74,5,0,30
2812734,0,0,0,0,0
2812734,1969,7,2,0,0
2812734,83372,2861,58,0,574
28308413,20,0,0,0,0
28308413,1134,11,0,0,0
28308413,2091,83,2,0,7
28308413,212288,17341,163,0,570
2841656,24,3,4,0,2
2841656,97,11,6,0,5
2841656,1439,197,8,0,36
2841656,6086,174,21,0,9
2847550,4606,329,10,0,71
2847550,590,51,1,0,9
2847550,90408,7603,188,0,354
2847550,108405,5042,2617,0,3167
2855302,217270,8042,394,0,950
2855302,0,0,0,0,0
2855302,0,0,0,0,0
2855302,0,0,0,0,0
28617672,2575,229,3,0,35
28617672,616,28,0,0,12
28617672,673800,36393,1168,0,1217
28617672,2711,224,3,0,8
28647669,9379,605,26,0,155
28647669,74,9,1,0,7
28647669,61940,3796,61,0,571
28647669,7442,0,0,0,0
28775860,358,22,0,0,1
28775860,331,24,0,0,1
28775860,308,9,0,0,0
28775860,3447,68,2,0,0
2881175,538,58,2,0,7
2881175,180977,12757,663,0,2459
2881175,871733,18015,528,0,3031
2881175,2453,225,2,0,95
28869603,33,2,0,0,0
28869603,11,1,0,0,0
28869603,0,0,0,0,0
28869603,0,0,0,0,0
2891987,0,0,0,0,0
2891987,9974,630,6,0,66
2891987,11105,391,3,0,52
2891987,68,1,0,0,1
2896919,0,0,0,0,0
2896919,18320,574,22,0,37
2896919,4493,59,4,0,10
2896919,0,0,0,0,0
2897117,56397,4006,45,0,212
2897117,30146,833,36,0,72
2897117,1677235,104037,498,0,1636
2897117,2675,75,1,0,7
2912126,326,9,0,0,1
2912126,3765,162,16,0,24
2912126,3498,153,8,0,32
2912126,4242,0,0,0,31
2923492,1059468,47699,700,0,838
2923492,338852,8085,116,0,486
2923492,418637,7740,265,0,119
2923492,3454133,43397,991,0,1399
29669924,2594,39,5,0,35
29669924,61383,3782,75,0,273
29669924,27810,1316,23,0,213
29669924,706,72,1,0,13
2981748,0,0,0,0,0
2981748,20,0,0,0,0
2981748,541,21,24,0,100
2981748,0,0,0,0,0
2992192,1993,178,6,0,102
2992192,24795,893,19,0,42
2992192,24560,1564,13,0,311
2992192,3409,188,4,0,53
2992566,31,0,0,0,4
2992566,13,0,0,0,0
2992566,87,4,1,0,2
2992566,11542,353,4,0,11
30034186,9145,140,9,0,25
30034186,1682,7,0,0,0
30034186,2732,66,7,0,22
30034186,1771,50,4,0,5
30082800,7083,388,6,0,32
30082800,190996,9442,118,0,989
30082800,258284,19635,240,0,747
30082800,1921,199,2,0,11
30082841,330,44,0,0,22
30082841,18837,2067,37,0,112
30082841,258284,19635,240,0,747
30082841,129531,4919,134,0,505
30338867,768,99,0,0,18
30338867,1517,202,0,0,60
30338867,404424,29244,617,0,1460
30338867,420627,8618,278,0,307
3044386,912,31,1,0,3
3044386,1951,85,1,0,37
3044386,4526,101,29,0,23
3044386,0,0,0,0,0
3064116,34,2,0,0,4
3064116,35405,1571,30,0,48
3064116,556627,19450,136,0,1049
3064116,15591,243,10,0,66
3086302,37,7,0,0,2
3086302,498098,15891,229,0,2109
3086302,6209,331,4,0,66
3086302,0,0,0,0,0
3086302,959807,18689,238,0,3847
31264938,14097,88,10,0,5
31264938,50490,246,2,0,11
31264938,49267,469,4,0,49
31264938,9584,96,0,0,28
3132183,482024,15606,328,0,1005
3132183,325784,10997,485,0,1124
3132183,361636,11000,670,0,812
3132183,7731,300,4,0,192
3154690,0,0,0,0,0
3154690,0,0,0,0,0
3154690,0,0,0,0,0
3154690,14955,74,5,0,30
31711588,288468,9395,128,0,503
31711588,735,138,0,0,10
31711588,22313,3964,10,0,103
31711588,256264,21605,289,0,1372
31916919,2726,336,6,0,213
31916919,714,111,0,0,38
31916919,14998,824,7,0,157
31916919,191,25,1,0,0
3196815,46,6,0,0,2
3196815,13498,66,0,0,18
3196815,83360,2808,35,0,228
3196815,185,0,0,0,0
32210734,440,15,1,0,1
32210734,24,0,0,0,0
32210734,266287,22064,246,0,1046
32210734,252036,12114,332,0,1259
32479242,1880,269,0,0,28
32479242,1533,160,1,0,46
32479242,423247,20531,192,0,1223
32479242,479,46,0,0,5
32718405,47220,2593,74,0,456
32718405,53845,2641,101,0,459
32718405,23735,1111,31,0,116
32718405,961,36,2,0,2
33126640,272,1,0,0,1
33126640,940,25,0,0,7
33126640,258955,23354,158,0,960
33126640,56865,3829,67,0,206
33824534,10050,856,8,0,85
33824534,7137,105,50,0,24
33824534,271111,28598,322,0,1743
33824534,1707,6,0,0,0
34301905,25440,2620,25,0,439
34301905,434839,19675,429,0,2307
34301905,228793,12581,331,0,2524
34301905,862,37,1,0,0
34337118,16578,1363,7,0,222
34337118,87701,3714,76,0,356
34337118,236482,22746,252,0,1120
34337118,34456,3006,46,0,209
34337329,605,15,0,0,0
34337329,57,4,0,0,3
34337329,31948,1817,73,0,218
34337329,4227,523,38,0,68
34682074,68982,4970,63,0,197
34682074,2933,11,2,0,5
34682074,14975,149,9,0,18
34682074,413677,849,28,0,123
34721830,341,27,2,0,4
34721830,0,0,0,0,0
34721830,187,16,1,0,15
34721830,78546,4818,237,0,476
3476014,14,3,0,0,0
3476014,294,2,0,0,0
3476014,391,4,2,0,2
3476014,434,1,2,0,1
35034011,11061,2490,13,0,175
35034011,10222,543,16,0,64
35034011,229604,11652,260,0,833
35034011,11007,2475,10,0,179
3527586,90,5,0,0,0
3527586,5060,146,1,0,11
3527586,628,3,0,0,0
3527586,441,3,2,0,0
3546747,94317,4685,55,0,460
3546747,53283,7127,33,0,196
3546747,1101535,20309,701,0,1598
3546747,3165,188,19,0,23
36078281,3423,209,3,0,45
36078281,15356,429,5,0,109
36078281,3047,97,3,0,62
36078281,170839,5713,65,0,224
36087210,73,3,0,0,3
36087210,106,10,0,0,0
36087210,18836,1106,89,0,175
36087210,2086,210,1,0,52
36511488,278068,29918,275,0,2375
36511488,3362,352,3,0,41
36511488,728670,15477,825,0,911
36511488,11605,176,31,0,38
36511776,280430,21343,322,0,916
36511776,3362,352,3,0,41
36511776,6296,391,6,0,56
36511776,728670,15477,825,0,911
3704794,28388,534,13,0,51
3704794,32304,1123,16,0,80
3704794,358063,3252,180,0,496
3704794,52200,742,15,0,56
3728938,674,13,0,0,2
3728938,653,5,0,0,1
3728938,33016,157,5,0,16
3728938,7599,21,1,0,0
3775715,116,3,0,0,1
3775715,13557,602,39,0,162
3775715,4384,82,1,0,5
3775715,1819,16,2,0,3
3866174,23,0,0,0,0
3866174,279,16,4,0,20
3866174,1366129,19536,1798,0,7968
3866174,186975,20907,400,0,1587
3932271,37245,1609,18,0,222
3932271,499,7,0,0,2
3932271,6373,232,5,0,170
3932271,101,6,0,0,1
3945176,1505,54,1,0,6
3945176,7574,43,7,0,11
3945176,2243,162,10,0,35
3945176,4574,105,26,0,45
400554,164561,5928,58,0,295
400554,0,0,0,0,0
400554,361492,10020,157,0,685
400554,269,5,0,0,4
4057994,566,31,3,0,77
4057994,28168,1104,67,0,727
4057994,0,0,0,0,0
4057994,5223,367,9,0,173
4057994,26324,326,6,0,22
40606734,10050,856,8,0,85
40606734,12673,868,5,0,128
40606734,107,8,0,0,1
40606734,6,1,0,0,0
4077791,62680,2096,5612,0,774
4077791,1881,92,5,0,73
4077791,3442,102,14,0,90
4077791,5289,181,311,0,206
4088073,15,2,0,0,0
4088073,10,1,0,0,0
4088073,0,0,0,0,0
4088073,0,0,0,0,0
4095784,1421,231,5,0,47
4095784,56,6,0,0,9
4095784,54,11,0,0,13
4095784,178571,2564,129,0,327
414470,718,66,0,0,10
414470,33511,1973,13,0,117
414470,9405,524,6,0,18
414470,93639,8543,143,0,238
4189450,19,3,0,0,1
4189450,150210,14487,77,0,849
4189450,2183,174,2,0,24
4189450,5858,286,25,0,30
4201454,55,0,0,0,1
4201454,13653,887,89,0,176
4201454,7065,250,5,0,82
4201454,307852,8683,104,0,1114
426601,13550,142,25,0,12
426601,2001,13,0,0,1
426601,332,0,0,0,4
426601,0,0,0,0,0
42857252,4070,323,61,0,301
42857252,0,0,0,0,0
42857252,357,44,0,0,6
42857252,284,7,0,0,4
4327827,2,0,0,0,0
4327827,366,10,0,0,0
4327827,1364,34,4,0,31
4327827,2970,56,6,0,27
43657227,3461,169,3,0,64
43657227,20287,1571,80,0,215
43657227,470,18,3,0,6
43657227,4151,124,20,0,16
4379417,137,5,0,0,0
4379417,8,0,0,0,0
4379417,211,0,0,0,0
4379417,103,1,0,0,3
4389266,3915,12,0,0,1
4389266,46535,63,10,0,0
4389266,9340,7,0,0,0
4389266,1699,6,0,0,0
44207138,440,15,1,0,1
44207138,24,0,0,0,0
44207138,3130,340,2,0,43
44207138,204,11,0,0,2
4437273,4243,156,5,0,62
4437273,29026,2158,62,0,530
4437273,283426,28510,270,0,1105
4437273,420193,7663,235,0,711
4437273,49515,1101,55,0,283
444188,35425,1117,27,0,223
444188,1521,40,18,0,38
444188,15,4,0,0,0
444188,0,0,0,0,0
445519,81,2,0,0,0
445519,122252,4852,239,0,486
445519,4892,171,4,0,41
445519,775,1,0,0,0
4492784,186,14,0,0,52
4492784,85,10,0,0,1
4492784,12846,247,6,0,69
4492784,23144,609,19,0,163
45181277,30616,1000,311,0,1022
45181277,3629,151,45,0,68
45181277,389,50,0,0,12
45181277,86,1,0,0,1
4518417,621,29,4,0,10
4518417,143,7,3,0,4
4518417,7899,398,2,0,10
4518417,7050,343,19,0,9
4547357,1067720,31288,601,0,2086
4547357,12014,1450,52,0,110
4547357,742,18,3,0,3
4547357,13667,3258,9,0,87
45539934,810,51,1,0,7
45539934,191,35,0,0,22
45539934,5452,246,5,0,63
45539934,3130,340,2,0,43
45612845,5069,204,5,0,36
45612845,130247,7222,62,0,920
45612845,452606,16502,344,0,1543
45612845,9563,76,2,0,9
4587724,163057,6496,69,0,373
4587724,1387,15,0,0,1
4587724,157958,4193,61,0,645
4587724,11030,178,1,0,9
4601305,3917,502,2,0,44
4601305,157225,7226,58,0,440
4601305,2407,116,1,0,5
4601305,969,27,1,0,6
46479904,3661,189,11,0,29
46479904,1128,109,1,0,30
46479904,78,1,0,0,0
46479904,19170,1290,10,0,239
46507020,3917,502,2,0,44
46507020,21,0,0,0,0
46507020,12,1,0,0,0
46507020,157225,7226,58,0,440
46562585,10,0,0,0,0
46562585,27,2,0,0,0
46562585,35,3,0,0,0
46562585,89,5,0,0,0
46833965,1937,293,1,0,31
46833965,6396,657,1,0,55
46833965,2582,46,2,0,2
46833965,14348,829,17,0,89
4728795,70132,6017,322,0,1451
4728795,48039,3461,56,0,510
4728795,2382067,75975,1732,0,8890
4728795,10926,514,10,0,54
4730769,0,0,0,0,0
4730769,151136,5793,132,0,357
4730769,191403,6348,481,0,765
4730769,313,5,0,0,5
4740867,3255,127,2,0,46
4740867,173411,5636,151,0,384
4740867,0,0,0,0,0
4740867,1847,83,3,0,42
4744733,6225,326,4,0,45
4744733,4450,158,5,0,21
4744733,260,5,0,0,1
4744733,11220,108,2,0,1
4746589,195792,10315,113,0,940
4746589,30297,1695,56,0,181
4746589,469731,10340,359,0,1686
4746589,64,2,0,0,0
4784698,12,0,0,0,0
4784698,9561,253,81,0,204
4784698,429,4,31,0,176
4784698,123165,740,12,0,45
4795077,10,0,0,0,0
4795077,3771,130,3,0,14
4795077,20985,520,10,0,42
4795077,0,0,0,0,0
4798007,34,6,0,0,0
4798007,420,28,0,0,11
4798007,4244547,70885,2187,0,9543
4798007,22765,277,6,0,24
48489004,2929,156,1,0,33
48489004,246,1,0,0,0
48489004,105825,2336,96,0,181
48489004,2168,51,5,0,4
48489005,16494,913,54,0,95
48489005,2929,156,1,0,33
48489005,246,1,0,0,0
48489005,105825,2336,96,0,181
48489010,4586,164,3,0,73
48489010,246,1,0,0,0
48489010,105825,2336,96,0,181
48489010,2168,51,5,0,4
486013,37314,2108,28,0,178
486013,55,6,0,0,1
486013,230921,7277,84,0,389
486013,3545,10,0,0,2
4866518,892,40,4,0,10
4866518,11773,786,10,0,112
4866518,236,4,2,0,0
4866518,3329,90,5,0,18
48931059,436,27,0,0,3
48931059,77,6,2,0,6
48931059,17,0,0,0,0
48931059,0,0,0,0,0
48939497,3423,209,3,0,45
48939497,15356,429,5,0,109
48939497,936,79,0,0,23
48939497,4587,406,5,0,48
4918071,21,2,0,0,1
4918071,12571,215,8,0,30
4918071,12287,247,10,0,26
4918071,307852,8683,104,0,1114
49269117,4570,406,26,0,146
49269117,2557,89,16,0,28
49269117,9203,627,10,0,97
49269117,112,3,0,0,4
4971294,510910,14396,1264,0,1128
4971294,585,8,0,0,0
4971294,218238,7759,74,0,604
4971294,1458,75,1,0,6
4984272,421,9,1,0,0
4984272,5633,261,3,0,62
4984272,3198,118,3,0,11
4984272,9270,325,14,0,62
49876544,97,15,0,0,0
49876544,69,16,0,0,0
49876544,80,19,0,0,0
49876544,128,20,0,0,0
4990646,22991,744,12,0,154
4990646,260184,7711,112,0,566
4990646,10424,306,17,0,100
4990646,37218,2825,15,0,161
50438106,108,10,0,0,1
50438106,259,27,0,0,2
50438106,101,10,0,0,2
50438106,61,8,0,0,1
5078513,87794,5603,43,0,531
5078513,73733,3863,54,0,802
5078513,23,0,0,0,0
5078513,206714,5295,139,0,729
51057966,1757,132,7,0,35
51057966,66,0,0,0,0
51057966,245,3,0,0,1
51057966,2806,25,11,0,14
51057979,241,10,0,0,0
51057979,2445,101,0,0,16
51057979,2806,25,11,0,14
51057979,45168,909,327,0,561
51186684,122,15,0,0,0
51186684,3495,120,12,0,14
51186684,2291,57,18,0,22
51186684,25336,1005,46,0,224
51564461,77,9,0,0,6
51564461,11629,422,7,0,70
51564461,480,28,1,0,21
51564461,5389,485,10,0,99
5172894,1188,11,0,0,1
5172894,12774,278,32,0,18
5172894,35403,944,65,0,78
5172894,73595,2058,47,0,337
51813241,19756,1331,21,0,460
51813241,94644,2808,187,0,1390
51813241,9,1,0,0,0
51813241,33107,2054,114,0,887
52232963,77,9,0,0,6
52232963,3423,209,3,0,45
52232963,198,4,0,0,0
52232963,8809,933,10,0,136
52478215,39854,3460,61,0,695
52478215,5340,274,5,0,67
52478215,304,26,3,0,13
52478215,2158,150,13,0,74
52753000,77,9,0,0,6
52753000,476,90,0,0,21
52753000,3423,209,3,0,45
52753000,17187,1186,8,0,176
530456,26,3,0,0,0
530456,0,0,0,0,0
530456,3395,165,1,0,20
530456,2731,320,6,0,18
5340957,1429,124,10,0,53
5340957,1088,3,1,0,0
5340957,298518,10483,57,0,1009
5340957,6222,249,6,0,15
54207808,37659,1635,29,0,129
54207808,718,36,2,0,47
54207808,36215,1639,43,0,200
54207808,34344,2221,28,0,403
56028985,342799,12028,1038,0,1883
56028985,84943,3177,130,0,599
56028985,3240,325,10,0,63
56028985,3601,88,19,0,78
5626725,37,3,1,0,0
5626725,731,19,2,0,5
5626725,178087,6179,89,0,634
5626725,45480,1253,1580,0,1214
564864,99,3,1,0,10
564864,3371,82,0,0,42
564864,1294,12,0,0,45
564864,60075,3882,69,0,819
56853428,267,21,0,0,0
56853428,4139,421,16,0,177
56853428,0,0,0,0,0
56853428,784,0,0,0,0
569939,353500,6464,354,0,479
569939,2405,190,65,0,27
569939,93,8,0,0,1
569939,2251,56,19,0,59
589795,3,0,0,0,0
589795,7,0,0,0,0
589795,355,15,0,0,6
589795,0,0,0,0,0
591050,5502,242,2,0,28
591050,3538,129,1,0,8
591050,30987,379,13,0,27
591050,41220,718,18,0,46
6052389,651,82,1,0,33
6052389,0,0,0,0,0
6052389,0,0,0,0,0
6052389,0,0,0,0,0
6083551,170134,7303,257,0,612
6083551,871,60,1,0,48
6083551,5856,65,1,0,3
6083551,835,25,2,0,7
617583,33512,1434,32,0,258
617583,983422,37841,1577,0,1738
617583,33,0,0,0,0
617583,144,2,0,0,0
6393300,4907357,96576,4056,0,7392
6393300,782280,15453,974,0,1160
6393300,137464,3592,128,0,980
6393300,439654,11318,788,0,885
645678,78695,10809,104,0,1318
645678,275,48,0,0,10
645678,449,29,1,0,3
645678,335,2,0,0,1
6460917,16,0,0,0,0
6460917,12,0,0,0,0
6460917,0,0,0,0,0
6460917,3369000,56519,1698,0,6473
6471766,4274,177,0,0,26
6471766,46,4,0,0,2
6471766,1054975,33003,20217,0,13207
6471766,13,0,0,0,0
6615140,55688,3475,43,0,365
6615140,5406374,80162,2070,0,6784
6615140,70431,2050,35,0,274
6615140,485158,12708,87,0,1098
670902,311,15,0,0,7
670902,6200,335,8,0,34
670902,32930,326,10,0,78
670902,43,3,0,0,0
6714973,37245,1609,18,0,222
6714973,135,8,1,0,4
6714973,64,2,0,0,0
6714973,0,0,0,0,0
6861332,9,1,0,0,0
6861332,61,14,0,0,1
6861332,218900,4211,178,0,258
6861332,109,18,0,0,4
695502,3458,101,1,0,42
695502,0,0,0,0,0
695502,183,0,0,0,0
695502,0,0,0,0,0
6972792,5097,145,16,0,60
6972792,526,22,4,0,25
6972792,845,29,0,0,9
6972792,57,2,0,0,1
703913,163,19,0,0,0
703913,18725,1091,127,0,120
703913,215247,18835,179,0,1330
703913,18138,3011,13,0,228
7068022,8199,407,6,0,55
7068022,7718,547,6,0,53
7068022,564097,22056,238,0,1164
7068022,1023,22,3,0,3
7199900,0,0,0,0,0
7199900,452514,12983,723,0,2100
7199900,1855,26,0,0,7
7199900,318825,9571,99,0,983
720011,3,0,0,0,2
720011,57,6,0,0,3
720011,0,0,0,0,0
720011,0,0,0,0,0
747185,3769,123,4,0,7
747185,117,4,1,0,0
747185,28179,367,12,0,1
747185,84,0,0,0,0
7563218,174,1,1,0,0
7563218,0,0,0,0,0
7563218,0,0,0,0,0
7563218,157,2,0,0,2
846000,16,0,0,0,0
846000,14010,272,11,0,41
846000,711751,12649,304,0,1194
846000,1200546,17745,571,0,2158
856708,248,20,0,0,0
856708,2,0,0,0,0
856708,0,0,0,0,0
856708,95047,7846,60,0,356
8588204,295,3,0,0,0
8588204,122,0,0,0,0
8588204,126,1,0,0,0
8588204,119,1,0,0,0
8590821,1213,87,1,0,6
8590821,0,0,0,0,0
8590821,275907,9904,164,0,1000
8590821,73234,401,7,0,27
894646,45878,3463,724,0,1299
894646,51,1,1,0,0
894646,79,4,0,0,3
894646,107,2,0,0,0
9146826,10319,394,13,0,34
9146826,1343,32,8,0,5
9146826,283106,8652,51,0,654
9146826,141360,15796,156,0,1525
936875,835,23,8,0,14
936875,785,54,3,0,25
936875,0,0,0,0,0
936875,7495,392,40,0,191
9614864,7,2,0,0,0
9614864,13463,290,22,0,62
9614864,52543,2010,35,0,250
9614864,3600,126,0,0,18
972764,2687,278,11,0,89
972764,1036,5,1,0,2
972764,0,0,0,0,0
972764,10251,245,1,0,55
9894552,1912,23,0,0,1
9894552,277112,9748,70,0,714
9894552,149269,1533,812,0,893
9894552,201193,1089,11,0,43
